-- phpMyAdmin SQL Dump
-- version 5.0.2
-- https://www.phpmyadmin.net/
--
-- Host: 127.0.0.1
-- Waktu pembuatan: 05 Feb 2021 pada 07.22
-- Versi server: 10.4.11-MariaDB
-- Versi PHP: 7.4.5

SET SQL_MODE = "NO_AUTO_VALUE_ON_ZERO";
START TRANSACTION;
SET time_zone = "+00:00";


/*!40101 SET @OLD_CHARACTER_SET_CLIENT=@@CHARACTER_SET_CLIENT */;
/*!40101 SET @OLD_CHARACTER_SET_RESULTS=@@CHARACTER_SET_RESULTS */;
/*!40101 SET @OLD_COLLATION_CONNECTION=@@COLLATION_CONNECTION */;
/*!40101 SET NAMES utf8mb4 */;

--
-- Database: `headset-bali`
--

-- --------------------------------------------------------

--
-- Struktur dari tabel `data_barang`
--

CREATE TABLE `data_barang` (
  `idBarang` int(11) NOT NULL,
  `namaBarang` varchar(30) NOT NULL
) ENGINE=InnoDB DEFAULT CHARSET=utf8mb4;

--
-- Dumping data untuk tabel `data_barang`
--

INSERT INTO `data_barang` (`idBarang`, `namaBarang`) VALUES
(1, 'Headset JBL MA-05'),
(2, 'Headset Mi2'),
(3, 'Headset Samsung AKG'),
(4, 'Headset Samsung Biasa'),
(5, 'Headset Vivo R11'),
(6, 'Headset Iphone OEM'),
(7, 'Airpod i7s'),
(8, 'Headset Mi Piston 2'),
(9, 'Headset Bluetooth Sport Magnet'),
(10, 'Headset JBL PM-02'),
(11, 'Headset Zipper Resleting'),
(12, 'Headset JBL S-43'),
(13, 'Kabel Data Biasa'),
(14, 'Charger Xiaomi A-80 / M-05'),
(15, 'Power Bank Murah'),
(16, 'Headset Vivo Biasa'),
(17, 'Headset Oppo Biasa'),
(18, 'Headset JBL JB-11 Purebass'),
(19, 'Headset Realme Buds'),
(20, 'Charger Samsung A-80'),
(21, 'Charger Realme A-80'),
(22, 'Charger Oppo A-80'),
(23, 'Charger Vivo A-80'),
(24, 'Headset JBL JB-01'),
(30, 'Kabel Data 3M'),
(37, 'Karet Headset');

-- --------------------------------------------------------

--
-- Struktur dari tabel `modal`
--

CREATE TABLE `modal` (
  `idModal` int(11) NOT NULL,
  `tanggalPembelian` date NOT NULL,
  `totalModal` int(11) NOT NULL,
  `ongkir` int(11) NOT NULL,
  `totalBarang` int(11) NOT NULL,
  `status` int(11) NOT NULL,
  `totalPenjualan` int(11) NOT NULL
) ENGINE=InnoDB DEFAULT CHARSET=utf8mb4;

--
-- Dumping data untuk tabel `modal`
--

INSERT INTO `modal` (`idModal`, `tanggalPembelian`, `totalModal`, `ongkir`, `totalBarang`, `status`, `totalPenjualan`) VALUES
(1, '2020-01-05', 98000, 0, 8, 0, 205000),
(2, '2020-01-15', 130000, 12000, 13, 0, 365000),
(3, '2020-01-15', 30000, 5000, 2, 0, 55000),
(4, '2020-01-22', 160000, 3000, 20, 0, 535000),
(5, '2020-02-01', 117000, 4000, 13, 0, 355000),
(6, '2020-02-02', 120000, 1000, 16, 0, 555000),
(7, '2020-02-16', 232000, 5000, 29, 0, 860000),
(8, '2020-02-19', 175000, 0, 5, 0, 350000),
(9, '2020-02-19', 126000, 0, 13, 0, 350000),
(10, '2020-02-23', 135000, 3000, 13, 0, 415000),
(11, '2020-03-02', 180000, 0, 5, 0, 285000),
(12, '2020-03-10', 220000, 5000, 31, 0, 825000),
(13, '2020-03-11', 145000, 0, 20, 0, 560000),
(14, '2020-06-02', 15000, 0, 4, 0, 140000),
(15, '2020-08-25', 176000, 0, 22, 0, 690000),
(16, '2020-09-21', 170000, 10500, 17, 0, 550000),
(17, '2020-09-29', 115500, 500, 12, 0, 345000),
(18, '2020-10-01', 108000, 6000, 3, 0, 205000),
(19, '2020-10-10', 115000, 0, 16, 0, 340000),
(20, '2020-10-12', 190000, 0, 22, 0, 625000),
(21, '2020-10-13', 175000, 1500, 5, 0, 310000),
(22, '2020-11-04', 125000, 700, 8, 0, 250000),
(23, '2020-11-04', 100000, 11000, 10, 0, 340000),
(24, '2020-11-04', 54000, 1000, 6, 0, 205000),
(25, '2020-11-04', 54000, 1000, 6, 0, 195000),
(26, '2020-11-04', 234000, 7000, 26, 1, 60000),
(27, '2020-11-05', 127000, 0, 21, 0, 565000),
(28, '2020-11-09', 133200, 1300, 18, 1, 182500),
(29, '2020-11-09', 130000, 4500, 10, 0, 362500),
(30, '2020-12-25', 130000, 4500, 10, 1, 320000),
(31, '2020-12-29', 115000, 1000, 10, 1, 70000),
(32, '2020-12-30', 185000, 8500, 30, 1, 310000),
(33, '2021-01-01', 0, 0, 10, 1, 29000);

-- --------------------------------------------------------

--
-- Struktur dari tabel `stok`
--

CREATE TABLE `stok` (
  `idStok` int(11) NOT NULL,
  `idModal` int(11) NOT NULL,
  `idBarang` int(11) NOT NULL,
  `hargaModal` int(11) NOT NULL,
  `hargaJual` int(11) NOT NULL,
  `status` int(11) NOT NULL,
  `tanggalTerjual` date NOT NULL
) ENGINE=InnoDB DEFAULT CHARSET=utf8mb4;

--
-- Dumping data untuk tabel `stok`
--

INSERT INTO `stok` (`idStok`, `idModal`, `idBarang`, `hargaModal`, `hargaJual`, `status`, `tanggalTerjual`) VALUES
(1, 1, 1, 12250, 30000, 0, '2020-01-05'),
(2, 1, 1, 12250, 30000, 0, '2020-01-06'),
(3, 1, 1, 12250, 0, 0, '2020-01-07'),
(4, 1, 1, 12250, 30000, 0, '2020-01-08'),
(5, 1, 1, 12250, 25000, 0, '2020-01-09'),
(6, 1, 1, 12250, 30000, 0, '2020-01-10'),
(7, 1, 1, 12250, 30000, 0, '2020-01-11'),
(8, 1, 1, 12250, 30000, 0, '2020-01-12'),
(9, 2, 1, 10000, 30000, 0, '2020-01-15'),
(10, 2, 1, 10000, 30000, 0, '2020-01-15'),
(11, 2, 1, 10000, 25000, 0, '2020-01-16'),
(12, 2, 1, 10000, 30000, 0, '2020-01-16'),
(13, 2, 1, 10000, 30000, 0, '2020-01-17'),
(14, 2, 1, 10000, 30000, 0, '2020-01-17'),
(15, 2, 1, 10000, 25000, 0, '2020-01-18'),
(16, 2, 1, 10000, 30000, 0, '2020-01-18'),
(17, 2, 1, 10000, 30000, 0, '2020-01-19'),
(18, 2, 1, 10000, 30000, 0, '2020-01-19'),
(19, 2, 2, 10000, 25000, 0, '2020-01-20'),
(20, 2, 2, 10000, 25000, 0, '2020-01-21'),
(21, 2, 2, 10000, 25000, 0, '2020-01-21'),
(22, 3, 3, 15000, 30000, 0, '2020-01-22'),
(23, 3, 3, 15000, 25000, 0, '2020-01-22'),
(24, 4, 1, 8000, 30000, 0, '2020-01-23'),
(25, 4, 1, 8000, 30000, 0, '2020-01-23'),
(26, 4, 1, 8000, 30000, 0, '2020-01-23'),
(27, 4, 1, 8000, 0, 0, '2020-01-24'),
(28, 4, 1, 8000, 30000, 0, '2020-01-24'),
(29, 4, 1, 8000, 30000, 0, '2020-01-24'),
(30, 4, 1, 8000, 30000, 0, '2020-01-25'),
(31, 4, 1, 8000, 30000, 0, '2020-01-25'),
(32, 4, 1, 8000, 30000, 0, '2020-01-25'),
(33, 4, 1, 8000, 0, 0, '2020-01-26'),
(34, 4, 1, 8000, 30000, 0, '2020-01-26'),
(35, 4, 1, 8000, 30000, 0, '2020-01-26'),
(36, 4, 1, 8000, 30000, 0, '2020-01-27'),
(37, 4, 1, 8000, 30000, 0, '2020-01-27'),
(38, 4, 1, 8000, 30000, 0, '2020-01-27'),
(39, 4, 1, 8000, 30000, 0, '2020-01-28'),
(40, 4, 1, 8000, 30000, 0, '2020-01-28'),
(41, 4, 1, 8000, 25000, 0, '2020-01-28'),
(42, 4, 1, 8000, 30000, 0, '2020-01-29'),
(43, 4, 1, 8000, 30000, 0, '2020-01-30'),
(44, 5, 3, 9000, 30000, 0, '2020-02-05'),
(45, 5, 3, 9000, 30000, 0, '2020-02-05'),
(46, 5, 3, 9000, 30000, 0, '2020-02-06'),
(47, 5, 3, 9000, 30000, 0, '2020-02-06'),
(48, 5, 3, 9000, 30000, 0, '2020-02-07'),
(49, 5, 4, 9000, 20000, 0, '2020-02-02'),
(50, 5, 4, 9000, 25000, 0, '2020-02-03'),
(51, 5, 4, 9000, 25000, 0, '2020-02-03'),
(52, 5, 4, 9000, 25000, 0, '2020-02-04'),
(53, 5, 4, 9000, 25000, 0, '2020-02-04'),
(54, 5, 5, 9000, 30000, 0, '2020-02-01'),
(55, 5, 5, 9000, 30000, 0, '2020-02-01'),
(56, 5, 5, 9000, 25000, 0, '2020-02-02'),
(57, 6, 6, 7500, 35000, 0, '2020-02-07'),
(58, 6, 6, 7500, 35000, 0, '2020-02-08'),
(59, 6, 6, 7500, 35000, 0, '2020-02-08'),
(60, 6, 6, 7500, 35000, 0, '2020-02-09'),
(61, 6, 6, 7500, 35000, 0, '2020-02-09'),
(62, 6, 6, 7500, 35000, 0, '2020-02-10'),
(63, 6, 6, 7500, 35000, 0, '2020-02-10'),
(64, 6, 6, 7500, 35000, 0, '2020-02-11'),
(65, 6, 6, 7500, 35000, 0, '2020-02-11'),
(66, 6, 6, 7500, 35000, 0, '2020-02-12'),
(67, 6, 6, 7500, 35000, 0, '2020-02-12'),
(68, 6, 6, 7500, 35000, 0, '2020-02-13'),
(69, 6, 6, 7500, 35000, 0, '2020-02-13'),
(70, 6, 6, 7500, 30000, 0, '2020-02-14'),
(71, 6, 6, 7500, 35000, 0, '2020-02-14'),
(72, 6, 6, 7500, 35000, 0, '2020-02-15'),
(73, 7, 1, 8000, 30000, 0, '2020-02-16'),
(74, 7, 1, 8000, 30000, 0, '2020-02-16'),
(75, 7, 1, 8000, 30000, 0, '2020-02-16'),
(76, 7, 1, 8000, 30000, 0, '2020-02-16'),
(77, 7, 1, 8000, 30000, 0, '2020-02-17'),
(78, 7, 1, 8000, 30000, 0, '2020-02-17'),
(79, 7, 1, 8000, 30000, 0, '2020-02-17'),
(80, 7, 1, 8000, 30000, 0, '2020-02-17'),
(81, 7, 1, 8000, 30000, 0, '2020-02-18'),
(82, 7, 1, 8000, 30000, 0, '2020-02-18'),
(83, 7, 1, 8000, 30000, 0, '2020-02-18'),
(84, 7, 1, 8000, 30000, 0, '2020-02-18'),
(85, 7, 1, 8000, 30000, 0, '2020-02-19'),
(86, 7, 1, 8000, 30000, 0, '2020-02-19'),
(87, 7, 1, 8000, 30000, 0, '2020-02-19'),
(88, 7, 1, 8000, 30000, 0, '2020-02-19'),
(89, 7, 1, 8000, 30000, 0, '2020-02-20'),
(90, 7, 1, 8000, 30000, 0, '2020-02-20'),
(91, 7, 1, 8000, 30000, 0, '2020-02-20'),
(92, 7, 1, 8000, 30000, 0, '2020-02-20'),
(93, 7, 1, 8000, 25000, 0, '2020-02-21'),
(94, 7, 1, 8000, 30000, 0, '2020-02-21'),
(95, 7, 1, 8000, 30000, 0, '2020-02-21'),
(96, 7, 1, 8000, 30000, 0, '2020-02-21'),
(97, 7, 1, 8000, 30000, 0, '2020-02-22'),
(98, 7, 1, 8000, 30000, 0, '2020-02-22'),
(99, 7, 1, 8000, 30000, 0, '2020-02-22'),
(100, 7, 1, 8000, 25000, 0, '2020-02-22'),
(101, 7, 1, 8000, 30000, 0, '2020-02-23'),
(102, 8, 7, 35000, 70000, 0, '2020-02-23'),
(103, 8, 7, 35000, 70000, 0, '2020-02-23'),
(104, 8, 7, 35000, 70000, 0, '2020-02-23'),
(105, 8, 7, 35000, 70000, 0, '2020-02-24'),
(106, 8, 7, 35000, 70000, 0, '2020-02-24'),
(107, 9, 24, 9500, 35000, 0, '2020-02-25'),
(108, 9, 24, 9500, 30000, 0, '2020-02-26'),
(109, 9, 24, 9500, 30000, 0, '2020-02-26'),
(110, 9, 24, 9500, 40000, 0, '2020-02-26'),
(111, 9, 24, 9500, 0, 0, '2020-02-26'),
(112, 9, 3, 9500, 30000, 0, '2020-02-27'),
(113, 9, 3, 9500, 25000, 0, '2020-02-27'),
(114, 9, 3, 9500, 0, 0, '2020-02-27'),
(115, 9, 8, 10000, 40000, 0, '2020-02-25'),
(116, 9, 8, 10000, 40000, 0, '2020-02-24'),
(117, 9, 8, 10000, 0, 0, '2020-02-24'),
(118, 9, 8, 10000, 40000, 0, '2020-02-25'),
(119, 9, 8, 10000, 40000, 0, '2020-02-25'),
(120, 10, 9, 15000, 40000, 0, '2020-02-29'),
(121, 10, 9, 15000, 40000, 0, '2020-03-01'),
(122, 10, 9, 15000, 40000, 0, '2020-03-01'),
(123, 10, 9, 15000, 40000, 0, '2020-03-01'),
(124, 10, 9, 15000, 40000, 0, '2020-03-01'),
(125, 10, 3, 7500, 30000, 0, '2020-02-28'),
(126, 10, 3, 7500, 30000, 0, '2020-02-28'),
(127, 10, 3, 7500, 30000, 0, '2020-02-29'),
(128, 10, 3, 7500, 30000, 0, '2020-02-29'),
(129, 10, 3, 7500, 30000, 0, '2020-02-29'),
(130, 10, 4, 7500, 20000, 0, '2020-02-27'),
(131, 10, 4, 7500, 20000, 0, '2020-02-28'),
(132, 10, 4, 7500, 25000, 0, '2020-02-28'),
(133, 11, 7, 36000, 0, 0, '2020-03-02'),
(134, 11, 7, 36000, 70000, 0, '2020-03-03'),
(135, 11, 7, 36000, 75000, 0, '2020-03-04'),
(136, 11, 7, 36000, 70000, 0, '2020-03-05'),
(137, 11, 7, 36000, 70000, 0, '2020-03-06'),
(138, 12, 1, 7000, 30000, 0, '2020-03-10'),
(139, 12, 1, 7000, 25000, 0, '2020-03-10'),
(140, 12, 1, 7000, 30000, 0, '2020-03-11'),
(141, 12, 1, 7000, 30000, 0, '2020-03-11'),
(142, 12, 1, 7000, 30000, 0, '2020-03-12'),
(143, 12, 1, 7000, 30000, 0, '2020-03-12'),
(144, 12, 1, 7000, 30000, 0, '2020-03-13'),
(145, 12, 1, 7000, 25000, 0, '2020-03-13'),
(146, 12, 1, 7000, 30000, 0, '2020-03-14'),
(147, 12, 1, 7000, 30000, 0, '2020-03-14'),
(148, 12, 1, 7000, 30000, 0, '2020-03-15'),
(149, 12, 1, 7000, 25000, 0, '2020-03-15'),
(150, 12, 1, 7000, 30000, 0, '2020-03-16'),
(151, 12, 1, 7000, 30000, 0, '2020-03-16'),
(152, 12, 1, 7000, 35000, 0, '2020-03-17'),
(153, 12, 1, 7000, 30000, 0, '2020-03-17'),
(154, 12, 1, 7000, 30000, 0, '2020-03-18'),
(155, 12, 1, 7000, 0, 0, '2020-03-18'),
(156, 12, 1, 7000, 30000, 0, '2020-03-19'),
(157, 12, 1, 7000, 30000, 0, '2020-03-19'),
(158, 12, 1, 7000, 30000, 0, '2020-03-20'),
(159, 12, 1, 7000, 35000, 0, '2020-03-20'),
(160, 12, 1, 7000, 30000, 0, '2020-03-21'),
(161, 12, 1, 7000, 25000, 0, '2020-03-21'),
(162, 12, 1, 7000, 25000, 0, '2020-03-22'),
(163, 12, 1, 7000, 30000, 0, '2020-03-22'),
(164, 12, 1, 7000, 30000, 0, '2020-03-23'),
(165, 12, 1, 7000, 30000, 0, '2020-03-23'),
(166, 12, 1, 7000, 30000, 0, '2020-03-24'),
(167, 12, 1, 7000, 0, 0, '2020-03-24'),
(168, 12, 5, 10000, 0, 0, '2020-03-10'),
(169, 13, 6, 7250, 30000, 0, '2020-03-25'),
(170, 13, 6, 7250, 30000, 0, '2020-03-25'),
(171, 13, 6, 7250, 30000, 0, '2020-03-26'),
(172, 13, 6, 7250, 30000, 0, '2020-03-26'),
(173, 13, 6, 7250, 0, 0, '2020-03-27'),
(174, 13, 6, 7250, 35000, 0, '2020-03-27'),
(175, 13, 6, 7250, 35000, 0, '2020-03-28'),
(176, 13, 6, 7250, 35000, 0, '2020-03-28'),
(177, 13, 6, 7250, 35000, 0, '2020-03-29'),
(178, 13, 6, 7250, 35000, 0, '2020-03-29'),
(179, 13, 6, 7250, 30000, 0, '2020-03-30'),
(180, 13, 6, 7250, 30000, 0, '2020-03-30'),
(181, 13, 6, 7250, 30000, 0, '2020-03-31'),
(182, 13, 6, 7250, 25000, 0, '2020-03-31'),
(183, 13, 6, 7250, 20000, 0, '2020-04-01'),
(184, 13, 6, 7250, 20000, 0, '2020-04-01'),
(185, 13, 6, 7250, 20000, 0, '2020-04-02'),
(186, 13, 6, 7250, 25000, 0, '2020-04-02'),
(187, 13, 6, 7250, 30000, 0, '2020-04-03'),
(188, 13, 6, 7250, 35000, 0, '2020-04-03'),
(189, 14, 9, 3750, 35000, 0, '2020-06-02'),
(190, 14, 9, 3750, 35000, 0, '2020-06-03'),
(191, 14, 9, 3750, 35000, 0, '2020-06-04'),
(192, 14, 9, 3750, 35000, 0, '2020-06-05'),
(193, 15, 1, 8000, 35000, 0, '2020-08-27'),
(194, 15, 1, 8000, 30000, 0, '2020-08-28'),
(195, 15, 1, 8000, 30000, 0, '2020-08-29'),
(196, 15, 1, 8000, 30000, 0, '2020-08-30'),
(197, 15, 1, 8000, 30000, 0, '2020-08-31'),
(198, 15, 1, 8000, 30000, 0, '2020-09-01'),
(199, 15, 1, 8000, 30000, 0, '2020-09-02'),
(200, 15, 1, 8000, 30000, 0, '2020-09-03'),
(201, 15, 1, 8000, 30000, 0, '2020-09-04'),
(202, 15, 1, 8000, 30000, 0, '2020-09-05'),
(203, 15, 1, 8000, 30000, 0, '2020-09-06'),
(204, 15, 1, 8000, 30000, 0, '2020-09-07'),
(205, 15, 1, 8000, 30000, 0, '2020-09-08'),
(206, 15, 1, 8000, 30000, 0, '2020-09-09'),
(207, 15, 1, 8000, 30000, 0, '2020-09-10'),
(208, 15, 1, 8000, 30000, 0, '2020-09-11'),
(209, 15, 1, 8000, 30000, 0, '2020-09-12'),
(210, 15, 1, 8000, 30000, 0, '2020-09-13'),
(211, 15, 1, 8000, 30000, 0, '2020-09-14'),
(212, 15, 1, 8000, 30000, 0, '2020-09-15'),
(213, 15, 10, 8000, 40000, 0, '2020-08-25'),
(214, 15, 10, 8000, 45000, 0, '2020-08-26'),
(215, 16, 10, 10000, 45000, 0, '2020-09-21'),
(216, 16, 10, 10000, 45000, 0, '2020-09-21'),
(217, 16, 11, 10000, 30000, 0, '2020-09-22'),
(218, 16, 11, 10000, 25000, 0, '2020-09-22'),
(219, 16, 11, 10000, 25000, 0, '2020-09-23'),
(220, 16, 11, 10000, 25000, 0, '2020-09-23'),
(221, 16, 11, 10000, 30000, 0, '2020-09-24'),
(222, 16, 8, 12000, 35000, 0, '2020-09-24'),
(223, 16, 8, 12000, 40000, 0, '2020-09-25'),
(224, 16, 8, 12000, 40000, 0, '2020-09-25'),
(225, 16, 8, 12000, 35000, 0, '2020-09-26'),
(226, 16, 8, 12000, 35000, 0, '2020-09-26'),
(227, 16, 4, 8000, 30000, 0, '2020-09-27'),
(228, 16, 4, 8000, 30000, 0, '2020-09-27'),
(229, 16, 4, 8000, 25000, 0, '2020-09-28'),
(230, 16, 4, 8000, 25000, 0, '2020-09-28'),
(231, 16, 4, 8000, 30000, 0, '2020-09-29'),
(232, 17, 12, 9000, 30000, 0, '2020-09-29'),
(233, 17, 12, 9000, 30000, 0, '2020-09-30'),
(234, 17, 12, 9000, 30000, 0, '2020-09-30'),
(235, 17, 12, 9000, 30000, 0, '2020-09-01'),
(236, 17, 12, 9000, 30000, 0, '2020-09-01'),
(237, 17, 13, 3500, 15000, 0, '2020-09-02'),
(238, 17, 13, 3500, 15000, 0, '2020-09-03'),
(239, 17, 13, 3500, 0, 0, '2020-09-03'),
(240, 17, 14, 15000, 40000, 0, '2020-09-04'),
(241, 17, 14, 15000, 40000, 0, '2020-09-04'),
(242, 17, 14, 15000, 45000, 0, '2020-09-05'),
(243, 17, 14, 15000, 40000, 0, '2020-09-05'),
(244, 18, 15, 36000, 70000, 0, '2020-09-06'),
(245, 18, 15, 36000, 65000, 0, '2020-09-07'),
(246, 18, 15, 36000, 70000, 0, '2020-09-08'),
(247, 19, 8, 12000, 35000, 0, '2020-10-10'),
(248, 19, 8, 12000, 40000, 0, '2020-10-10'),
(249, 19, 16, 6500, 0, 0, '2020-10-11'),
(250, 19, 16, 6500, 25000, 0, '2020-10-11'),
(251, 19, 16, 6500, 20000, 0, '2020-10-12'),
(252, 19, 16, 6500, 0, 0, '2020-10-12'),
(253, 19, 16, 6500, 20000, 0, '2020-10-13'),
(254, 19, 16, 6500, 20000, 0, '2020-10-13'),
(255, 19, 16, 6500, 25000, 0, '2020-10-14'),
(256, 19, 16, 6500, 20000, 0, '2020-10-14'),
(257, 19, 16, 6500, 20000, 0, '2020-10-15'),
(258, 19, 16, 6500, 25000, 0, '2020-10-15'),
(259, 19, 16, 6500, 20000, 0, '2020-10-16'),
(260, 19, 16, 6500, 20000, 0, '2020-10-16'),
(261, 19, 16, 6500, 25000, 0, '2020-10-17'),
(262, 19, 16, 6500, 25000, 0, '2020-10-17'),
(263, 20, 8, 12500, 35000, 0, '2020-10-18'),
(264, 20, 8, 12500, 35000, 0, '2020-10-18'),
(265, 20, 16, 6500, 25000, 0, '2020-10-19'),
(266, 20, 16, 6500, 20000, 0, '2020-10-19'),
(267, 20, 16, 6500, 25000, 0, '2020-10-20'),
(268, 20, 16, 6500, 25000, 0, '2020-10-20'),
(269, 20, 16, 6500, 30000, 0, '2020-10-21'),
(270, 20, 16, 6500, 25000, 0, '2020-12-02'),
(271, 20, 16, 6500, 25000, 0, '2020-12-17'),
(272, 20, 16, 6500, 25000, 0, '2020-12-20'),
(273, 20, 16, 6500, 20000, 0, '2020-12-21'),
(274, 20, 16, 6500, 20000, 0, '2020-12-21'),
(275, 20, 18, 10000, 0, 0, '2020-10-21'),
(276, 20, 18, 10000, 35000, 0, '2020-10-22'),
(277, 20, 18, 10000, 35000, 0, '2020-10-22'),
(278, 20, 18, 10000, 35000, 0, '2020-10-23'),
(279, 20, 18, 10000, 35000, 0, '2020-10-23'),
(280, 20, 18, 10000, 35000, 0, '2020-10-24'),
(281, 20, 18, 10000, 35000, 0, '2020-10-24'),
(282, 20, 18, 10000, 35000, 0, '2020-10-25'),
(283, 20, 18, 10000, 35000, 0, '2020-10-25'),
(284, 20, 18, 10000, 35000, 0, '2020-12-09'),
(285, 21, 15, 35000, 60000, 0, '2020-10-26'),
(286, 21, 15, 35000, 75000, 0, '2020-10-27'),
(287, 21, 15, 35000, 75000, 0, '2020-10-28'),
(288, 21, 15, 35000, 50000, 0, '2020-10-29'),
(289, 21, 15, 35000, 50000, 0, '2020-10-29'),
(290, 22, 8, 13750, 35000, 0, '2020-11-04'),
(291, 22, 8, 13750, 35000, 0, '2020-11-04'),
(292, 22, 8, 13750, 35000, 0, '2020-11-05'),
(293, 22, 8, 13750, 40000, 0, '2020-11-05'),
(294, 22, 9, 17500, 0, 0, '2020-11-06'),
(295, 22, 9, 17500, 35000, 0, '2020-11-06'),
(296, 22, 9, 17500, 35000, 0, '2020-11-07'),
(297, 22, 9, 17500, 35000, 0, '2020-11-07'),
(298, 23, 8, 10000, 30000, 0, '2020-11-30'),
(299, 23, 8, 10000, 35000, 0, '2020-12-15'),
(300, 23, 8, 10000, 35000, 0, '2020-12-28'),
(301, 23, 8, 10000, 35000, 0, '2020-12-29'),
(302, 23, 8, 10000, 35000, 0, '2020-12-29'),
(303, 23, 8, 10000, 30000, 0, '2020-12-30'),
(304, 23, 8, 10000, 35000, 0, '2021-01-02'),
(305, 23, 8, 10000, 35000, 0, '2021-01-04'),
(306, 23, 8, 10000, 35000, 0, '2021-01-07'),
(307, 23, 8, 10000, 35000, 0, '2021-01-26'),
(308, 24, 10, 9000, 35000, 0, '2020-11-08'),
(309, 24, 10, 9000, 35000, 0, '2020-11-09'),
(310, 24, 10, 9000, 30000, 0, '2020-11-29'),
(311, 24, 10, 9000, 35000, 0, '2020-12-01'),
(312, 24, 10, 9000, 35000, 0, '2020-12-06'),
(313, 24, 10, 9000, 35000, 0, '2020-12-16'),
(314, 25, 10, 9000, 40000, 0, '2020-12-20'),
(315, 25, 10, 9000, 30000, 0, '2020-12-20'),
(316, 25, 10, 9000, 35000, 0, '2020-12-24'),
(317, 25, 10, 9000, 30000, 0, '2021-01-10'),
(318, 25, 10, 9000, 30000, 0, '2021-01-15'),
(319, 25, 10, 9000, 30000, 0, '2021-01-20'),
(320, 26, 10, 9000, 30000, 0, '2021-01-29'),
(321, 26, 10, 9000, 30000, 0, '2021-01-31'),
(322, 26, 10, 9000, 0, 1, '0000-00-00'),
(323, 26, 10, 9000, 0, 1, '0000-00-00'),
(324, 26, 10, 9000, 0, 1, '0000-00-00'),
(325, 26, 10, 9000, 0, 1, '0000-00-00'),
(326, 26, 10, 9000, 0, 1, '0000-00-00'),
(327, 26, 10, 9000, 0, 1, '0000-00-00'),
(328, 26, 10, 9000, 0, 1, '0000-00-00'),
(329, 26, 10, 9000, 0, 1, '0000-00-00'),
(330, 26, 10, 9000, 0, 1, '0000-00-00'),
(331, 26, 10, 9000, 0, 1, '0000-00-00'),
(332, 26, 10, 9000, 0, 1, '0000-00-00'),
(333, 26, 10, 9000, 0, 1, '0000-00-00'),
(334, 26, 10, 9000, 0, 1, '0000-00-00'),
(335, 26, 10, 9000, 0, 1, '0000-00-00'),
(336, 26, 10, 9000, 0, 1, '0000-00-00'),
(337, 26, 10, 9000, 0, 1, '0000-00-00'),
(338, 26, 10, 9000, 0, 1, '0000-00-00'),
(339, 26, 10, 9000, 0, 1, '0000-00-00'),
(340, 26, 10, 9000, 0, 1, '0000-00-00'),
(341, 26, 10, 9000, 0, 1, '0000-00-00'),
(342, 26, 10, 9000, 0, 1, '0000-00-00'),
(343, 26, 10, 9000, 0, 1, '0000-00-00'),
(344, 26, 10, 9000, 0, 1, '0000-00-00'),
(345, 26, 10, 9000, 0, 1, '0000-00-00'),
(346, 27, 19, 9000, 40000, 0, '2020-11-10'),
(347, 27, 19, 9000, 40000, 0, '2020-11-11'),
(348, 27, 19, 9000, 30000, 0, '2020-11-12'),
(349, 27, 19, 9000, 35000, 0, '2020-11-13'),
(350, 27, 19, 9000, 35000, 0, '2020-11-14'),
(351, 27, 3, 5125, 25000, 0, '2020-11-15'),
(352, 27, 3, 5125, 25000, 0, '2020-11-16'),
(353, 27, 3, 5125, 30000, 0, '2020-11-17'),
(354, 27, 3, 5125, 30000, 0, '2020-11-25'),
(355, 27, 3, 5125, 30000, 0, '2020-12-02'),
(356, 27, 3, 5125, 30000, 0, '2020-12-04'),
(357, 27, 3, 5125, 20000, 0, '2020-12-16'),
(358, 27, 3, 5125, 20000, 0, '2020-12-16'),
(359, 27, 3, 5125, 20000, 0, '2020-12-16'),
(360, 27, 3, 5125, 20000, 0, '2020-12-16'),
(361, 27, 3, 5125, 20000, 0, '2020-12-16'),
(362, 27, 3, 5125, 20000, 0, '2020-12-16'),
(363, 27, 3, 5125, 20000, 0, '2020-12-16'),
(364, 27, 3, 5125, 25000, 0, '2020-12-18'),
(365, 27, 3, 5125, 25000, 0, '2020-12-18'),
(366, 27, 3, 5125, 25000, 0, '2020-12-18'),
(367, 28, 19, 7400, 32500, 0, '2020-12-05'),
(368, 28, 19, 7400, 35000, 0, '2020-12-06'),
(369, 28, 19, 7400, 30000, 0, '2020-12-23'),
(370, 28, 19, 7400, 30000, 0, '2020-12-29'),
(371, 28, 19, 7400, 25000, 0, '2021-01-29'),
(372, 28, 19, 7400, 30000, 0, '2021-02-04'),
(373, 28, 19, 7400, 0, 1, '0000-00-00'),
(374, 28, 19, 7400, 0, 1, '0000-00-00'),
(375, 28, 19, 7400, 0, 1, '0000-00-00'),
(376, 28, 19, 7400, 0, 1, '0000-00-00'),
(377, 28, 19, 7400, 0, 1, '0000-00-00'),
(378, 28, 19, 7400, 0, 1, '0000-00-00'),
(379, 28, 19, 7400, 0, 1, '0000-00-00'),
(380, 28, 19, 7400, 0, 1, '0000-00-00'),
(381, 28, 19, 7400, 0, 1, '0000-00-00'),
(382, 28, 19, 7400, 0, 1, '0000-00-00'),
(383, 28, 19, 7400, 0, 1, '0000-00-00'),
(384, 28, 19, 7400, 0, 1, '0000-00-00'),
(385, 29, 20, 13000, 45000, 0, '2020-12-01'),
(386, 29, 20, 13000, 40000, 0, '2020-12-03'),
(387, 29, 20, 13000, 40000, 0, '2020-12-25'),
(388, 29, 21, 13000, 40000, 0, '2020-12-04'),
(389, 29, 21, 13000, 37500, 0, '2020-12-05'),
(390, 29, 21, 13000, 40000, 0, '2020-12-06'),
(391, 29, 21, 13000, 40000, 0, '2020-12-24'),
(392, 29, 21, 13000, 0, 0, '2020-12-25'),
(393, 29, 22, 13000, 40000, 0, '2020-12-07'),
(394, 29, 23, 13000, 40000, 0, '2020-12-25'),
(395, 30, 14, 13000, 40000, 0, '2021-01-25'),
(396, 30, 14, 13000, 40000, 0, '2021-01-26'),
(397, 30, 14, 13000, 40000, 0, '2021-01-27'),
(398, 30, 21, 13000, 40000, 0, '2021-01-27'),
(399, 30, 21, 13000, 40000, 0, '2021-01-27'),
(400, 30, 21, 13000, 40000, 0, '2021-01-28'),
(401, 30, 20, 13000, 40000, 0, '2021-01-25'),
(402, 30, 20, 13000, 40000, 0, '2021-01-29'),
(403, 30, 20, 13000, 0, 1, '0000-00-00'),
(404, 30, 20, 13000, 0, 1, '0000-00-00'),
(405, 31, 8, 11500, 35000, 0, '2021-01-27'),
(406, 31, 8, 11500, 35000, 0, '2021-01-28'),
(407, 31, 8, 11500, 0, 1, '0000-00-00'),
(408, 31, 8, 11500, 0, 1, '0000-00-00'),
(409, 31, 8, 11500, 0, 1, '0000-00-00'),
(410, 31, 8, 11500, 0, 1, '0000-00-00'),
(411, 31, 8, 11500, 0, 1, '0000-00-00'),
(412, 31, 8, 11500, 0, 1, '0000-00-00'),
(413, 31, 8, 11500, 0, 1, '0000-00-00'),
(414, 31, 8, 11500, 0, 1, '0000-00-00'),
(415, 32, 3, 6500, 30000, 0, '2021-01-22'),
(416, 32, 3, 6500, 30000, 0, '2021-01-22'),
(417, 32, 3, 6500, 30000, 0, '2021-01-22'),
(418, 32, 3, 6500, 30000, 0, '2021-01-24'),
(419, 32, 3, 6500, 25000, 0, '2021-01-26'),
(420, 32, 3, 6500, 30000, 0, '2021-01-28'),
(421, 32, 3, 6500, 30000, 0, '2021-01-29'),
(422, 32, 3, 6500, 35000, 0, '2021-02-05'),
(423, 32, 3, 6500, 0, 1, '0000-00-00'),
(424, 32, 3, 6500, 0, 1, '0000-00-00'),
(425, 32, 3, 6500, 0, 1, '0000-00-00'),
(426, 32, 3, 6500, 0, 1, '0000-00-00'),
(427, 32, 3, 6500, 0, 1, '0000-00-00'),
(428, 32, 3, 6500, 0, 1, '0000-00-00'),
(429, 32, 3, 6500, 0, 1, '0000-00-00'),
(430, 32, 3, 6500, 0, 1, '0000-00-00'),
(431, 32, 3, 6500, 0, 1, '0000-00-00'),
(432, 32, 3, 6500, 0, 1, '0000-00-00'),
(433, 32, 3, 6500, 0, 1, '0000-00-00'),
(434, 32, 3, 6500, 0, 1, '0000-00-00'),
(435, 32, 30, 5500, 20000, 0, '2021-01-21'),
(436, 32, 30, 5500, 20000, 0, '2021-01-24'),
(437, 32, 30, 5500, 0, 1, '0000-00-00'),
(438, 32, 30, 5500, 0, 1, '0000-00-00'),
(439, 32, 30, 5500, 0, 1, '0000-00-00'),
(440, 32, 30, 5500, 0, 1, '0000-00-00'),
(441, 32, 30, 5500, 0, 1, '0000-00-00'),
(442, 32, 30, 5500, 0, 1, '0000-00-00'),
(443, 32, 30, 5500, 0, 1, '0000-00-00'),
(444, 32, 30, 5500, 0, 1, '0000-00-00'),
(445, 33, 37, 0, 5000, 0, '2021-01-25'),
(446, 33, 37, 0, 5000, 0, '2021-01-25'),
(447, 33, 37, 0, 5000, 0, '2021-01-25'),
(448, 33, 37, 0, 5000, 0, '2021-01-25'),
(449, 33, 37, 0, 3000, 0, '2021-01-23'),
(450, 33, 37, 0, 3000, 0, '2021-01-23'),
(451, 33, 37, 0, 3000, 0, '2021-01-23'),
(452, 33, 37, 0, 0, 1, '0000-00-00'),
(453, 33, 37, 0, 0, 1, '0000-00-00'),
(454, 33, 37, 0, 0, 1, '0000-00-00');

--
-- Indexes for dumped tables
--

--
-- Indeks untuk tabel `data_barang`
--
ALTER TABLE `data_barang`
  ADD PRIMARY KEY (`idBarang`);

--
-- Indeks untuk tabel `modal`
--
ALTER TABLE `modal`
  ADD PRIMARY KEY (`idModal`);

--
-- Indeks untuk tabel `stok`
--
ALTER TABLE `stok`
  ADD PRIMARY KEY (`idStok`);

--
-- AUTO_INCREMENT untuk tabel yang dibuang
--

--
-- AUTO_INCREMENT untuk tabel `data_barang`
--
ALTER TABLE `data_barang`
  MODIFY `idBarang` int(11) NOT NULL AUTO_INCREMENT, AUTO_INCREMENT=38;

--
-- AUTO_INCREMENT untuk tabel `modal`
--
ALTER TABLE `modal`
  MODIFY `idModal` int(11) NOT NULL AUTO_INCREMENT, AUTO_INCREMENT=34;

--
-- AUTO_INCREMENT untuk tabel `stok`
--
ALTER TABLE `stok`
  MODIFY `idStok` int(11) NOT NULL AUTO_INCREMENT, AUTO_INCREMENT=455;
COMMIT;

/*!40101 SET CHARACTER_SET_CLIENT=@OLD_CHARACTER_SET_CLIENT */;
/*!40101 SET CHARACTER_SET_RESULTS=@OLD_CHARACTER_SET_RESULTS */;
/*!40101 SET COLLATION_CONNECTION=@OLD_COLLATION_CONNECTION */;
